{"initial_reset_timestamp": 1509827248.0984728, "episode_lengths": [1000, 1000], "timestamps": [1509827253.7246082, 1509827258.8916495], "episode_rewards": [-144.2501556674284, -170.40772624635042], "episode_types": ["t", "t", "t"]}