{"initial_reset_timestamp": 1509823477.0756967, "episode_lengths": [1000, 1000, 1000, 1000, 1000, 1000, 1000, 1000], "timestamps": [1509823494.632456, 1509823512.0238595, 1509823514.60372, 1509823517.0755026, 1509823519.5578349, 1509823522.893737, 1509823525.0766833, 1509823527.7929702], "episode_rewards": [-192.9352817331409, -118.66147869399805, -154.12757809960704, -147.32344141668437, -139.96040335141348, -170.30260404925562, -142.49855893450982, -117.6303627102709], "episode_types": ["t", "t", "t", "t", "t", "t", "t", "t", "t"]}