{"initial_reset_timestamp": 1509827265.3886015, "episode_lengths": [1000, 1000, 1000, 1000, 1000, 1000, 1000, 1000], "timestamps": [1509827305.371495, 1509827350.2815707, 1509827356.4556224, 1509827361.3571072, 1509827365.3267083, 1509827372.042144, 1509827376.94676, 1509827382.7781727], "episode_rewards": [-148.41183050625034, -176.4369182180606, -138.0528507485633, -133.34883995351146, -165.40362593032333, -139.6239676097969, -151.79117423155697, -91.9883170035754], "episode_types": ["t", "t", "t", "t", "t", "t", "t", "t", "t"]}